{
  "integrations": [
    {
      "id": "2ec22923-5b63-40be-9f3a-2fa48a6864e0",
      "name": "Error in Log - Acknowledge",
      "action": "RUN_SCRIPT",
      "type": "OUTBOUND_WEBHOOK",
      "triggeredBy": "RESPONSE",
      "responseChoice": "Acknowledge",
      "deployed": true,
      "form": "4797723b-ca03-4ac6-a47e-7c1a3c53e771",
      "environment": "HOSTED",
      "authType": "NONE",
      "createdBy": "FLOW"
    },
    {
      "id": "eb504df1-1296-4a3b-be4f-0bdd9ba75681",
      "name": "Error in Log - End",
      "action": "RUN_SCRIPT",
      "type": "OUTBOUND_WEBHOOK",
      "triggeredBy": "RESPONSE",
      "responseChoice": "End",
      "deployed": true,
      "form": "4797723b-ca03-4ac6-a47e-7c1a3c53e771",
      "environment": "HOSTED",
      "authType": "NONE",
      "createdBy": "FLOW"
    },
    {
      "id": "09a9d45c-d0c3-4cf6-9434-427cd80b8a3e",
      "name": "Error in Log - Escalate",
      "action": "RUN_SCRIPT",
      "type": "OUTBOUND_WEBHOOK",
      "triggeredBy": "RESPONSE",
      "responseChoice": "Escalate",
      "deployed": true,
      "form": "4797723b-ca03-4ac6-a47e-7c1a3c53e771",
      "environment": "HOSTED",
      "authType": "NONE",
      "createdBy": "FLOW"
    },
    {
      "id": "565fce64-f4b4-4ef0-b3c6-e84ea52090d7",
      "name": "Error in Log - Inbound from Graylog",
      "action": "RUN_SCRIPT",
      "type": "INBOUND_WEBHOOK",
      "deployed": true,
      "form": "4797723b-ca03-4ac6-a47e-7c1a3c53e771",
      "environment": "HOSTED",
      "authType": "URL",
      "createdBy": "FLOW",
      "integrationScriptStepUuid": "ef3c4703-94f1-4512-a691-16adc635a9e8"
    }
  ],
  "endpoints": [],
  "constants": []
}