{
  "integrations": [
    {
      "id": "20c1e636-f0cf-4a98-bc48-a1d04d828509",
      "name": "Error in Log - Acknowledge",
      "action": "RUN_SCRIPT",
      "type": "OUTBOUND_WEBHOOK",
      "triggeredBy": "RESPONSE",
      "responseChoice": "Acknowledge",
      "deployed": true,
      "form": "0b581b62-ce98-4ad5-aaea-c476ba19cf4a",
      "environment": "HOSTED",
      "authType": "NONE",
      "createdBy": "FLOW"
    },
    {
      "id": "cde7d1b8-927b-4b01-96b3-a1b7e3cad34b",
      "name": "Error in Log - End",
      "action": "RUN_SCRIPT",
      "type": "OUTBOUND_WEBHOOK",
      "triggeredBy": "RESPONSE",
      "responseChoice": "End",
      "deployed": true,
      "form": "0b581b62-ce98-4ad5-aaea-c476ba19cf4a",
      "environment": "HOSTED",
      "authType": "NONE",
      "createdBy": "FLOW"
    },
    {
      "id": "20c2da8b-8519-479d-8d9d-8a20ef106b91",
      "name": "Error in Log - Escalate",
      "action": "RUN_SCRIPT",
      "type": "OUTBOUND_WEBHOOK",
      "triggeredBy": "RESPONSE",
      "responseChoice": "Escalate",
      "deployed": true,
      "form": "0b581b62-ce98-4ad5-aaea-c476ba19cf4a",
      "environment": "HOSTED",
      "authType": "NONE",
      "createdBy": "FLOW"
    },
    {
      "id": "6f77746d-75f4-4e7d-8c8c-e2fbb141515e",
      "name": "Error in Log - Inbound from Graylog",
      "action": "RUN_SCRIPT",
      "type": "INBOUND_WEBHOOK",
      "deployed": true,
      "form": "0b581b62-ce98-4ad5-aaea-c476ba19cf4a",
      "environment": "HOSTED",
      "authType": "URL",
      "createdBy": "FLOW",
      "integrationScriptStepUuid": "c3db13f0-6af6-4c75-b4ef-168f27dfa846"
    }
  ],
  "endpoints": [],
  "constants": []
}