[
  {
    "id": "c3db13f0-6af6-4c75-b4ef-168f27dfa846",
    "name": "Inbound from Graylog",
    "description": "",
    "icon": "https://s3-xmatters-static.s3.amazonaws.com/null/customers/aa4ff4cd-06da-460c-b2d0-bb34ad66da69/IMAGE__20200622191612439__graylog.png",
    "script": "var payload = JSON.parse(request.body);  //Use this if the payload is a JSON object in the request body\n\noutput['title'] = payload.event_definition_title;\noutput['description'] = payload.event_definition_description;\noutput['message'] = payload.event.message;\noutput['source'] = payload.event.source;\noutput['fields'] = payload.event.fields;\noutput['priority'] = payload.event.priority;\noutput['keys'] = payload.event.key_tuple;\noutput['timestamp'] = payload.event.timestamp;\noutput['type'] = payload.event_definition_type;\noutput['json'] = payload\n\n\n// fields_pretty\nvar fields_pretty = \"<table><tr><th>Key</th><th>Value</th></tr>\";\nfor (var k in payload.event.fields) {\n    fields_pretty += `<tr><td>${k}</td><td>${payload.event.fields[k]}</td></tr>`;\n}\nfields_pretty += \"</table>\";\noutput['fields_pretty'] = fields_pretty;\n\n\n// keys_pretty\nvar keys_pretty = \"<table><tr><th>Key</th></tr>\";\nfor (var i = 0; i < payload.event.key_tuple.length; i++) {\n    keys_pretty += `<tr><td>${payload.event.key_tuple[i]}</td></tr>`\n}\nkeys_pretty += \"</table>\"\noutput['keys_pretty'] = keys_pretty;",
    "allowedEnvironment": "HOSTED",
    "accessibleByAll": "NotShared",
    "triggerAuthType": "URL_AUTH",
    "scriptStepType": "CUSTOM_HTTP",
    "inputs": [],
    "outputs": [
      {
        "id": "28368974-078f-4a0c-b0c2-868c1402c0d8",
        "name": "title",
        "position": 0
      },
      {
        "id": "4fef54a0-9bb0-4178-9fb5-5d756b3681f8",
        "name": "description",
        "position": 1
      },
      {
        "id": "ea6623b3-eb73-44b3-8398-f7e440b36885",
        "name": "message",
        "position": 2
      },
      {
        "id": "4931dafc-e7b9-42f6-ba7b-e61ce41720f7",
        "name": "source",
        "position": 3
      },
      {
        "id": "b932b59f-0a94-48a0-ac12-7ec9d9b7342a",
        "name": "fields",
        "position": 4
      },
      {
        "id": "df88681e-fbf2-408f-b782-fb6aaf1e5c98",
        "name": "priority",
        "position": 5
      },
      {
        "id": "83b0a44d-5772-4460-abc0-2e0c34a63850",
        "name": "keys",
        "position": 6
      },
      {
        "id": "af728387-7dd3-4459-bdf4-ae476f7653eb",
        "name": "timestamp",
        "position": 7
      },
      {
        "id": "5036dd99-8a13-4bf8-9364-5d295301dd5e",
        "name": "type",
        "position": 8
      },
      {
        "id": "a25dc229-baf1-4d1b-b7ab-8a97b16ae429",
        "name": "json",
        "position": 9
      },
      {
        "id": "d8dc7f1c-9f7e-4e57-afe8-5068e2963bb8",
        "name": "fields_pretty",
        "position": 10
      },
      {
        "id": "86e76e01-2da2-4197-b907-94172196ce4c",
        "name": "keys_pretty",
        "position": 11
      }
    ],
    "libraries": []
  }
]