[
  {
    "id": "ef3c4703-94f1-4512-a691-16adc635a9e8",
    "name": "Inbound from Graylog",
    "description": "",
    "icon": "https://s3-xmatters-static.s3.amazonaws.com/null/customers/aa4ff4cd-06da-460c-b2d0-bb34ad66da69/IMAGE__20200622191612439__graylog.png",
    "script": "var payload = JSON.parse(request.body);  //Use this if the payload is a JSON object in the request body\n\noutput['title'] = payload.event_definition_title;\noutput['description'] = payload.event_definition_description;\noutput['message'] = payload.event.message;\noutput['source'] = payload.event.source;\noutput['fields'] = payload.event.fields;\noutput['priority'] = payload.event.priority;\noutput['keys'] = payload.event.key_tuple;\noutput['timestamp'] = payload.event.timestamp;\noutput['type'] = payload.event_definition_type;\noutput['json'] = payload\n\n\n// fields_pretty\nvar fields_pretty = \"<table><tr><th>Key</th><th>Value</th></tr>\";\nfor (var k in payload.event.fields) {\n    fields_pretty += `<tr><td>${k}</td><td>${payload.event.fields[k]}</td></tr>`;\n}\nfields_pretty += \"</table>\";\noutput['fields_pretty'] = fields_pretty;\n\n\n// keys_pretty\nvar keys_pretty = \"<table><tr><th>Key</th></tr>\";\nfor (var i = 0; i < payload.event.key_tuple.length; i++) {\n    keys_pretty += `<tr><td>${payload.event.key_tuple[i]}</td></tr>`\n}\nkeys_pretty += \"</table>\"\noutput['keys_pretty'] = keys_pretty;",
    "endpointLabel": "",
    "allowedEnvironment": "HOSTED",
    "accessibleByAll": "NotShared",
    "triggerAuthType": "URL_AUTH",
    "scriptStepType": "CUSTOM_HTTP",
    "inputs": [],
    "outputs": [
      {
        "id": "78439e5c-aba3-4a17-830d-8686dcbc3368",
        "name": "title",
        "description": "",
        "position": 0
      },
      {
        "id": "f4506b57-8bf5-4245-b701-1a50c7cba5de",
        "name": "description",
        "description": "",
        "position": 1
      },
      {
        "id": "d2d06204-8104-47b5-9f6d-f99e9b7a3c26",
        "name": "message",
        "description": "",
        "position": 2
      },
      {
        "id": "6ef1d044-814f-428d-aed9-72756af39379",
        "name": "source",
        "description": "",
        "position": 3
      },
      {
        "id": "37da0176-257f-469a-a9c8-e4ee9d0a063f",
        "name": "fields",
        "description": "",
        "position": 4
      },
      {
        "id": "5ad61b18-52ee-4459-a99c-1b61a77014d5",
        "name": "priority",
        "description": "",
        "position": 5
      },
      {
        "id": "1c569b16-7f82-4850-bf26-797064876fb6",
        "name": "keys",
        "description": "",
        "position": 6
      },
      {
        "id": "b056b618-83ac-4daa-9eb8-f27acb9c078c",
        "name": "timestamp",
        "description": "",
        "position": 7
      },
      {
        "id": "fc7705cf-9131-484c-9957-baf0948ad0b4",
        "name": "type",
        "description": "",
        "position": 8
      },
      {
        "id": "f6577634-f81f-43b2-ae37-b660022fbcb2",
        "name": "json",
        "description": "",
        "position": 9
      },
      {
        "id": "4ac4976c-c08b-43a5-8db6-f3240d87628a",
        "name": "fields_pretty",
        "description": "",
        "position": 10
      },
      {
        "id": "ac9fd2c7-2cdd-48e8-9db3-e4e6e0e60238",
        "name": "keys_pretty",
        "description": "",
        "position": 11
      }
    ],
    "libraries": []
  }
]