{
  "name": "Error in Log",
  "description": "",
  "form": "4797723b-ca03-4ac6-a47e-7c1a3c53e771",
  "blocks": [
    {
      "id": "5233da76-fbaf-455f-8980-12171fdfe4e9",
      "label": "Acknowledge",
      "environment": "HOSTED",
      "presentation": "{}",
      "step": "2ec22923-5b63-40be-9f3a-2fa48a6864e0",
      "stepType": "INTEGRATION"
    },
    {
      "id": "d50f6274-9320-4f2b-a5ce-3a6bce3ebada",
      "label": "Create Event - Error in Log",
      "environment": "HOSTED",
      "presentation": "{\"w\":60,\"x\":220,\"h\":60,\"y\":40}",
      "step": "4797723b-ca03-4ac6-a47e-7c1a3c53e771",
      "stepType": "CREATE_EVENT",
      "inputMappings": [
        {
          "inputPort": "input",
          "mapping": "${d1f324c3-ecdf-4d38-8da0-96827a83a95a.type}",
          "sectionItemKey": "eaf39b1f-41ec-4d98-9a08-96815639bd5c"
        },
        {
          "inputPort": "input",
          "mapping": "${d1f324c3-ecdf-4d38-8da0-96827a83a95a.message}",
          "sectionItemKey": "e97876d2-9b30-4c2e-9d55-b9528b7a28c0"
        },
        {
          "inputPort": "input",
          "mapping": "ipugh",
          "sectionItemKey": "recipients"
        },
        {
          "inputPort": "input",
          "mapping": "${d1f324c3-ecdf-4d38-8da0-96827a83a95a.description}",
          "sectionItemKey": "2d6628b9-a1ee-49ee-ac07-bdc9dec3d7e3"
        },
        {
          "inputPort": "input",
          "mapping": "${d1f324c3-ecdf-4d38-8da0-96827a83a95a.fields_pretty}",
          "sectionItemKey": "6939856f-8324-439a-9094-96110ce4d709"
        },
        {
          "inputPort": "input",
          "mapping": "${d1f324c3-ecdf-4d38-8da0-96827a83a95a.timestamp}",
          "sectionItemKey": "574fd265-3525-477e-9088-c7b1ebd1d2fb"
        },
        {
          "inputPort": "input",
          "mapping": "${d1f324c3-ecdf-4d38-8da0-96827a83a95a.title}",
          "sectionItemKey": "ca629d20-307e-456d-897b-b1992d70bada"
        },
        {
          "inputPort": "input",
          "mapping": "${d1f324c3-ecdf-4d38-8da0-96827a83a95a.priority}",
          "sectionItemKey": "aaa038db-6b99-4c87-a27b-197481c12bb0"
        },
        {
          "inputPort": "input",
          "mapping": "${d1f324c3-ecdf-4d38-8da0-96827a83a95a.keys_pretty}",
          "sectionItemKey": "791768d0-dddc-4fee-a14f-882d7fd391e7"
        },
        {
          "inputPort": "input",
          "mapping": "${d1f324c3-ecdf-4d38-8da0-96827a83a95a.source}",
          "sectionItemKey": "4dc1694e-621f-423d-b193-6b04ef20dd75"
        }
      ]
    },
    {
      "id": "f29d6940-3c32-41a3-8c48-c3fd98bdb567",
      "label": "End",
      "environment": "HOSTED",
      "presentation": "{}",
      "step": "eb504df1-1296-4a3b-be4f-0bdd9ba75681",
      "stepType": "INTEGRATION"
    },
    {
      "id": "d1f324c3-ecdf-4d38-8da0-96827a83a95a",
      "label": "Error in Log - Inbound from Graylog",
      "environment": "HOSTED",
      "presentation": "{\"w\":60,\"x\":0,\"h\":60,\"y\":40}",
      "step": "565fce64-f4b4-4ef0-b3c6-e84ea52090d7",
      "stepType": "INTEGRATION"
    },
    {
      "id": "38d6677c-f4b6-40aa-9593-63e9925d417d",
      "label": "Escalate",
      "environment": "HOSTED",
      "presentation": "{}",
      "step": "09a9d45c-d0c3-4cf6-9434-427cd80b8a3e",
      "stepType": "INTEGRATION"
    },
    {
      "id": "122e5a26-4f8b-4647-8632-5ce876861b03",
      "label": "Responses",
      "environment": "HOSTED",
      "presentation": "{\"w\":100,\"x\":0,\"h\":50,\"y\":260}",
      "stepType": "RESPONSES"
    }
  ],
  "edges": [
    {
      "fromBlock": "d1f324c3-ecdf-4d38-8da0-96827a83a95a",
      "fromPort": "output",
      "toBlock": "d50f6274-9320-4f2b-a5ce-3a6bce3ebada",
      "toPort": "input"
    }
  ]
}