{
  "name": "Error in Log",
  "form": "0b581b62-ce98-4ad5-aaea-c476ba19cf4a",
  "blocks": [
    {
      "id": "64bcdcfa-bf22-4fd7-a63f-9e46606f179e",
      "label": "Acknowledge",
      "environment": "HOSTED",
      "presentation": "{}",
      "step": "20c1e636-f0cf-4a98-bc48-a1d04d828509",
      "stepType": "INTEGRATION"
    },
    {
      "id": "ab0173f3-3048-4738-b4e0-09cc8c9a560c",
      "label": "Create Event - Error in Log",
      "environment": "HOSTED",
      "presentation": "{\"w\":60,\"x\":220,\"h\":60,\"y\":40}",
      "step": "0b581b62-ce98-4ad5-aaea-c476ba19cf4a",
      "stepType": "CREATE_EVENT",
      "inputMappings": [
        {
          "inputPort": "input",
          "mapping": "${12590e83-cba7-474a-ae02-bdfe34548629.type}",
          "sectionItemKey": "80d6317c-c255-4c35-94bb-b817d5cd3fc5"
        },
        {
          "inputPort": "input",
          "mapping": "${12590e83-cba7-474a-ae02-bdfe34548629.title}",
          "sectionItemKey": "7ae7656b-6c30-4877-bebc-e4a74addfa9b"
        },
        {
          "inputPort": "input",
          "mapping": "${12590e83-cba7-474a-ae02-bdfe34548629.priority}",
          "sectionItemKey": "c081a7f2-f3cd-47a2-a18c-9db3b7a6229b"
        },
        {
          "inputPort": "input",
          "mapping": "${12590e83-cba7-474a-ae02-bdfe34548629.fields_pretty}",
          "sectionItemKey": "ce82add1-026e-4d56-a643-a0770a6f5fad"
        },
        {
          "inputPort": "input",
          "mapping": "${12590e83-cba7-474a-ae02-bdfe34548629.keys_pretty}",
          "sectionItemKey": "6a86d903-f4eb-4b2c-89dc-6087297a763e"
        },
        {
          "inputPort": "input",
          "mapping": "${12590e83-cba7-474a-ae02-bdfe34548629.source}",
          "sectionItemKey": "8ca16408-0f5c-4823-8860-d01c8c12d132"
        },
        {
          "inputPort": "input",
          "mapping": "${12590e83-cba7-474a-ae02-bdfe34548629.description}",
          "sectionItemKey": "ac4ade70-a67c-48a7-b0cf-18df817fbf25"
        },
        {
          "inputPort": "input",
          "mapping": "${12590e83-cba7-474a-ae02-bdfe34548629.timestamp}",
          "sectionItemKey": "80fd8612-4b31-4ca0-8f57-589d88da51f4"
        },
        {
          "inputPort": "input",
          "mapping": "${12590e83-cba7-474a-ae02-bdfe34548629.message}",
          "sectionItemKey": "39424dbb-5d4e-4a81-9b71-4d67e3bcd43b"
        },
        {
          "inputPort": "input",
          "mapping": "ipugh",
          "sectionItemKey": "recipients"
        }
      ]
    },
    {
      "id": "e56fc7bd-a9eb-4699-8ff1-21eb8a530344",
      "label": "End",
      "environment": "HOSTED",
      "presentation": "{}",
      "step": "cde7d1b8-927b-4b01-96b3-a1b7e3cad34b",
      "stepType": "INTEGRATION"
    },
    {
      "id": "12590e83-cba7-474a-ae02-bdfe34548629",
      "label": "Error in Log - Inbound from Graylog",
      "environment": "HOSTED",
      "presentation": "{\"w\":60,\"x\":0,\"h\":60,\"y\":40}",
      "step": "6f77746d-75f4-4e7d-8c8c-e2fbb141515e",
      "stepType": "INTEGRATION"
    },
    {
      "id": "e38b2715-5e9f-4023-b428-1d4e2ce8abed",
      "label": "Escalate",
      "environment": "HOSTED",
      "presentation": "{}",
      "step": "20c2da8b-8519-479d-8d9d-8a20ef106b91",
      "stepType": "INTEGRATION"
    },
    {
      "id": "62aff621-d3cb-4d1b-95bf-f5eb64c03ec5",
      "label": "Responses",
      "environment": "HOSTED",
      "presentation": "{\"w\":100,\"x\":0,\"h\":50,\"y\":260}",
      "stepType": "RESPONSES"
    }
  ],
  "edges": [
    {
      "fromBlock": "12590e83-cba7-474a-ae02-bdfe34548629",
      "fromPort": "output",
      "toBlock": "ab0173f3-3048-4738-b4e0-09cc8c9a560c",
      "toPort": "input"
    }
  ]
}